customer_id,customer name,address,city_id,city,country,customer situation,store id
1,MARY_SMITH,1913 Hanoi Way,463,Sasebo,Japan,Active,1
2,PATRICIA_JOHNSON,1121 Loja Avenue,449,San Bernardino,United States,Active,1
3,LINDA_WILLIAMS,692 Joliet Street,38,Athenai,Greece,Active,1
4,BARBARA_JONES,1566 Inegl Manor,349,Myingyan,Myanmar,Active,2
5,ELIZABETH_BROWN,53 Idfu Parkway,361,Nantou,Taiwan,Active,1
6,JENNIFER_DAVIS,1795 Santiago de Compostela Way,295,Laredo,United States,Active,2
7,MARIA_MILLER,900 Santiago de Compostela Parkway,280,Kragujevac,Yugoslavia,Active,1
8,SUSAN_WILSON,478 Joliet Way,200,Hamilton,New Zealand,Active,2
9,MARGARET_MOORE,613 Korolev Drive,329,Masqat,Oman,Active,2
10,DOROTHY_TAYLOR,1531 Sal Drive,162,Esfahan,Iran,Active,1
11,LISA_ANDERSON,1542 Tarlac Parkway,440,Sagamihara,Japan,Active,2
12,NANCY_THOMAS,808 Bhopal Manor,582,Yamuna Nagar,India,Active,1
13,KAREN_JACKSON,270 Amroha Parkway,384,Osmaniye,Turkey,Active,2
14,BETTY_WHITE,770 Bydgoszcz Avenue,120,Citrus Heights,United States,Active,2
15,HELEN_HARRIS,419 Iligan Lane,76,Bhopal,India,Active,1
16,SANDRA_MARTIN,360 Toulouse Parkway,495,Southend-on-Sea,United Kingdom,not active,2
17,DONNA_THOMPSON,270 Toulon Boulevard,156,Elista,Russian Federation,Active,1
18,CAROL_GARCIA,320 Brest Avenue,252,Kaduna,Nigeria,Active,2
19,RUTH_MARTINEZ,1417 Lancaster Avenue,267,Kimberley,South Africa,Active,1
20,SHARON_ROBINSON,1688 Okara Way,327,Mardan,Pakistan,Active,2
21,MICHELLE_CLARK,262 A Corua (La Corua) Parkway,525,Tangail,Bangladesh,Active,1
22,LAURA_RODRIGUEZ,28 Charlotte Amalie Street,443,Sal,Morocco,Active,1
23,SARAH_LEWIS,1780 Hino Boulevard,303,Liepaja,Latvia,Active,2
24,KIMBERLY_LEE,96 Tafuna Way,128,Crdoba,Argentina,Active,2
25,DEBORAH_WALKER,934 San Felipe de Puerto Plata Street,472,Shikarpur,Pakistan,Active,1
26,JESSICA_HALL,18 Duisburg Boulevard,121,Citt del Vaticano,Holy See (Vatican City State),Active,2
27,SHIRLEY_ALLEN,217 Botshabelo Place,138,Davao,Philippines,Active,2
28,CYNTHIA_YOUNG,1425 Shikarpur Manor,346,Munger (Monghyr),India,Active,1
29,ANGELA_HERNANDEZ,786 Aurora Avenue,474,Shimonoseki,Japan,Active,2
30,MELISSA_KING,1668 Anpolis Street,316,Lungtan,Taiwan,Active,1
31,BRENDA_WRIGHT,33 Gorontalo Way,257,Kamarhati,India,Active,2
32,AMY_LOPEZ,176 Mandaluyong Place,239,Jhansi,India,Active,1
33,ANNA_HILL,127 Purnea (Purnia) Manor,17,Alessandria,Italy,Active,2
34,REBECCA_SCOTT,61 Tama Street,284,Kurashiki,Japan,Active,2
35,VIRGINIA_GREEN,391 Callao Drive,544,Toulouse,France,Active,2
36,KATHLEEN_ADAMS,334 Munger (Monghyr) Lane,31,Arak,Iran,Active,2
37,PAMELA_BAKER,1440 Fukuyama Loop,362,Nanyang,China,Active,1
38,MARTHA_GONZALEZ,269 Cam Ranh Parkway,115,Chisinau,Moldova,Active,1
39,DEBRA_NELSON,306 Antofagasta Place,569,Vila Velha,Brazil,Active,1
40,AMANDA_CARTER,671 Graz Street,353,Nador,Morocco,Active,2
41,STEPHANIE_MITCHELL,42 Brindisi Place,586,Yerevan,Armenia,Active,1
42,CAROLYN_PEREZ,1632 Bislig Avenue,394,Pak Kret,Thailand,Active,2
43,CHRISTINE_ROBERTS,1447 Imus Way,167,Faaa,French Polynesia,Active,2
44,MARIE_TURNER,1998 Halifax Drive,308,Lipetsk,Russian Federation,Active,1
45,JANET_PHILLIPS,1718 Valencia Street,27,Antofagasta,Chile,Active,1
46,CATHERINE_CAMPBELL,46 Pjatigorsk Lane,343,Moscow,Russian Federation,Active,2
47,FRANCES_PARKER,686 Garland Manor,247,Juazeiro do Norte,Brazil,Active,1
48,ANN_EVANS,909 Garland Manor,367,Niznekamsk,Russian Federation,Active,1
49,JOYCE_EDWARDS,725 Isesaki Place,237,Jedda,Saudi Arabia,Active,2
50,DIANE_COLLINS,115 Hidalgo Parkway,379,Omdurman,Sudan,Active,1
51,ALICE_STEWART,1135 Izumisano Parkway,171,Fontana,United States,Active,1
52,JULIE_SANCHEZ,939 Probolinggo Loop,1,A Corua (La Corua),Spain,Active,1
53,HEATHER_MORRIS,17 Kabul Boulevard,355,Nagareyama,Japan,Active,1
54,TERESA_ROGERS,1964 Allappuzha (Alleppey) Street,227,Iwakuni,Japan,Active,1
55,DORIS_REED,1697 Kowloon and New Kowloon Loop,49,Balaiha,Russian Federation,Active,2
56,GLORIA_COOK,1668 Saint Louis Place,397,Papeete,French Polynesia,Active,1
57,EVELYN_MORGAN,943 Tokat Street,560,Vaduz,Liechtenstein,Active,2
58,JEAN_BELL,1114 Liepaja Street,282,Kuching,Malaysia,Active,1
59,CHERYL_MURPHY,1213 Ranchi Parkway,350,Mysore,India,Active,1
60,MILDRED_BAILEY,81 Hodeida Way,231,Jaipur,India,Active,1
61,KATHERINE_RIVERA,915 Ponce Place,56,Basel,Switzerland,Active,2
62,JOAN_COOPER,1717 Guadalajara Lane,441,Saint Louis,United States,Active,1
63,ASHLEY_RICHARDSON,1214 Hanoi Way,306,Lincoln,United States,Active,1
64,JUDITH_COX,1966 Amroha Avenue,139,Daxian,China,not active,2
65,ROSE_HOWARD,698 Otsu Street,105,Cayenne,French Guiana,Active,2
66,JANICE_WARD,1150 Kimchon Manor,321,Malm,Sweden,Active,2
67,KELLY_TORRES,1586 Guaruj Place,579,Xiangtan,China,Active,1
68,NICOLE_PETERSON,57 Arlington Manor,475,Shivapuri,India,Active,1
69,JUDY_GRAY,1031 Daugavpils Parkway,63,Bchar,Algeria,Active,2
70,CHRISTINA_RAMIREZ,1124 Buenaventura Drive,13,al-Hawiya,Saudi Arabia,Active,2
71,KATHY_JAMES,492 Cam Ranh Street,61,Baybay,Philippines,Active,1
72,THERESA_WATSON,89 Allappuzha (Alleppey) Manor,517,Taguig,Philippines,Active,2
73,BEVERLY_BROOKS,1947 Poos de Caldas Boulevard,114,Chiayi,Taiwan,Active,2
74,DENISE_KELLY,1206 Dos Quebradas Place,431,Rio Claro,Brazil,Active,1
75,TAMMY_SANDERS,1551 Rampur Lane,108,Changhwa,Taiwan,Active,2
76,IRENE_PRICE,602 Paarl Street,402,Pavlodar,Kazakstan,Active,2
77,JANE_BENNETT,1692 Ede Loop,30,Araatuba,Brazil,Active,2
78,LORI_WOOD,936 Salzburg Lane,425,Rae Bareli,India,Active,1
79,RACHEL_BARNES,586 Tete Way,256,Kamakura,Japan,Active,1
80,MARILYN_ROSS,1888 Kabul Drive,217,Ife,Nigeria,Active,1
81,ANDREA_HENDERSON,320 Baiyin Parkway,319,Mahajanga,Madagascar,Active,1
82,KATHRYN_COLEMAN,927 Baha Blanca Parkway,479,Simferopol,Ukraine,Active,1
83,LOUISE_JENKINS,929 Tallahassee Loop,497,Springs,South Africa,Active,1
84,SARA_PERRY,125 Citt del Vaticano Boulevard,40,Atlixco,Mexico,Active,2
85,ANNE_POWELL,1557 Ktahya Boulevard,88,Bradford,United Kingdom,Active,2
86,JACQUELINE_LONG,870 Ashqelon Loop,489,Songkhla,Thailand,Active,2
87,WANDA_PATTERSON,1740 Portoviejo Avenue,480,Sincelejo,Colombia,Active,1
88,BONNIE_HUGHES,1942 Ciparay Parkway,113,Cheju,South Korea,Active,2
89,JULIA_FLORES,1926 El Alto Avenue,289,La Plata,Argentina,Active,1
90,RUBY_WASHINGTON,1952 Chatsworth Drive,332,Meixian,China,Active,2
91,LOIS_BUTLER,1370 Le Mans Avenue,53,Bandar Seri Begawan,Brunei,Active,2
92,TINA_SIMMONS,984 Effon-Alaiye Avenue,183,Goinia,Brazil,Active,2
93,PHYLLIS_FOSTER,832 Nakhon Sawan Manor,592,Zalantun,China,Active,1
94,NORMA_GONZALES,152 Kitwe Parkway,82,Bislig,Philippines,Active,1
95,PAULA_BRYANT,1697 Tanauan Lane,399,Pathankot,India,Active,2
96,DIANA_ALEXANDER,1308 Arecibo Way,41,Augusta-Richmond County,United States,Active,1
97,ANNIE_RUSSELL,1599 Plock Drive,534,Tete,Mozambique,Active,2
98,LILLIAN_GRIFFIN,669 Firozabad Loop,12,al-Ayn,United Arab Emirates,Active,1
99,EMILY_DIAZ,588 Vila Velha Manor,268,Kimchon,South Korea,Active,2
100,ROBIN_HAYES,1913 Kamakura Place,238,Jelets,Russian Federation,Active,1
101,PEGGY_MYERS,733 Mandaluyong Place,2,Abha,Saudi Arabia,Active,1
102,CRYSTAL_FORD,659 Vaduz Drive,34,Ashdod,Israel,Active,1
103,GLADYS_HAMILTON,1177 Jelets Way,220,Ilorin,Nigeria,Active,1
104,RITA_GRAHAM,1386 Yangor Avenue,543,Toulon,France,Active,1
105,DAWN_SULLIVAN,454 Nakhon Sawan Boulevard,173,Funafuti,Tuvalu,Active,1
106,CONNIE_WALLACE,1867 San Juan Bautista Tuxtepec Avenue,225,Ivanovo,Russian Federation,Active,1
107,FLORENCE_WOODS,1532 Dzerzinsk Way,334,Merlo,Argentina,Active,1
108,TRACY_COLE,1002 Ahmadnagar Manor,213,Huixquilucan,Mexico,Active,1
109,EDNA_WEST,682 Junan Way,273,Klerksdorp,South Africa,Active,2
110,TIFFANY_JORDAN,804 Elista Drive,159,Enshi,China,Active,2
111,CARMEN_OWENS,1378 Alvorada Avenue,102,Caracas,Venezuela,Active,1
112,ROSA_REYNOLDS,793 Cam Ranh Avenue,292,Lancaster,United States,Active,2
113,CINDY_FISHER,1079 Tel Aviv-Jaffa Boulevard,132,Cuman,Venezuela,Active,2
114,GRACE_ELLIS,442 Rae Bareli Place,148,Duisburg,Germany,Active,2
115,WENDY_HARRISON,1107 Nakhon Sawan Avenue,365,Nezahualcyotl,Mexico,Active,1
116,VICTORIA_GIBSON,544 Malm Parkway,403,Pemalang,Indonesia,Active,1
117,EDITH_MCDONALD,1967 Sincelejo Place,176,Gandhinagar,India,Active,1
118,KIM_CRUZ,333 Goinia Way,185,Grand Prairie,United States,Active,1
119,SHERRY_MARSHALL,1987 Coacalco de Berriozbal Loop,476,Shubra al-Khayma,Egypt,Active,1
120,SYLVIA_ORTIZ,241 Mosul Lane,147,Dos Quebradas,Colombia,Active,2
121,JOSEPHINE_GOMEZ,211 Chiayi Drive,164,Etawah,India,Active,1
122,THELMA_MURRAY,1175 Tanauan Way,305,Lima,Peru,Active,1
123,SHANNON_FREEMAN,117 Boa Vista Way,566,Varanasi (Benares),India,Active,2
124,SHEILA_WELLS,848 Tafuna Manor,281,Ktahya,Turkey,not active,1
125,ETHEL_WEBB,569 Baicheng Lane,85,Boksburg,South Africa,Active,1
126,ELLEN_SIMPSON,1666 Qomsheh Drive,410,Po,Brazil,Active,1
127,ELAINE_STEVENS,801 Hagonoy Drive,484,Smolensk,Russian Federation,Active,2
128,MARJORIE_TUCKER,1050 Garden Grove Avenue,236,Jastrzebie-Zdrj,Poland,Active,1
129,CARRIE_PORTER,1854 Tieli Street,302,Liaocheng,China,Active,1
130,CHARLOTTE_HUNTER,758 Junan Lane,190,guas Lindas de Gois,Brazil,Active,1
131,MONICA_HICKS,1752 So Leopoldo Parkway,345,Mukateve,Ukraine,Active,2
132,ESTHER_CRAWFORD,898 Belm Manor,87,Botshabelo,South Africa,Active,2
133,PAULINE_HENRY,261 Saint Louis Way,541,Torren,Mexico,Active,1
134,EMMA_BOYD,765 Southampton Drive,421,Qalyub,Egypt,Active,1
135,JUANITA_MASON,943 Johannesburg Avenue,417,Pune,India,Active,2
136,ANITA_MORALES,788 Atinsk Street,211,Hubli-Dharwad,India,Active,2
137,RHONDA_KENNEDY,1749 Daxian Place,29,Apeldoorn,Netherlands,Active,2
138,HAZEL_WARREN,1587 Sullana Lane,207,Hohhot,China,Active,1
139,AMBER_DIXON,1029 Dzerzinsk Manor,542,Touliu,Taiwan,Active,1
140,EVA_RAMOS,1666 Beni-Mellal Place,123,Clarksville,United States,Active,1
141,DEBBIE_REYES,928 Jaffna Loop,172,Fukuyama,Japan,Active,1
142,APRIL_BURNS,483 Ljubertsy Parkway,149,Dundee,United Kingdom,Active,1
143,LESLIE_GORDON,374 Bat Yam Boulevard,266,Kilis,Turkey,Active,1
144,CLARA_SHAW,1027 Songkhla Manor,340,Molodetno,Belarus,Active,1
145,LUCILLE_HOLMES,999 Sanaa Loop,491,Soshanguve,South Africa,Active,1
146,JAMIE_RICE,879 Newcastle Way,499,Sterling Heights,United States,Active,1
147,JOANNE_ROBERTSON,1337 Lincoln Parkway,555,Urawa,Japan,Active,2
148,ELEANOR_HUNT,1952 Pune Lane,442,Saint-Denis,Runion,Active,1
149,VALERIE_BLACK,782 Mosul Street,94,Brockton,United States,Active,1
150,DANIELLE_DANIELS,781 Shimonoseki Drive,202,Hidalgo,Mexico,Active,2
151,MEGAN_PALMER,1560 Jelets Boulevard,291,Laiwu,China,Active,2
152,ALICIA_MILLS,1963 Moscow Place,354,Nagaon,India,Active,1
153,SUZANNE_NICHOLS,456 Escobar Way,232,Jakarta,Indonesia,Active,2
154,MICHELE_GRANT,798 Cianjur Avenue,590,Yuncheng,China,Active,2
155,GAIL_KNIGHT,185 Novi Sad Place,72,Bern,Switzerland,Active,1
156,BERTHA_FERGUSON,1367 Yantai Manor,381,Ondo,Nigeria,Active,1
157,DARLENE_ROSE,1386 Nakhon Sawan Boulevard,420,Pyongyang,North Korea,Active,2
158,VERONICA_STONE,369 Papeete Way,187,Greensboro,United States,Active,1
159,JILL_HAWKINS,1440 Compton Place,307,Linz,Austria,Active,1
160,ERIN_DUNN,1623 Baha Blanca Manor,310,Ljubertsy,Russian Federation,Active,2
161,GERALDINE_PERKINS,97 Shimoga Avenue,533,Tel Aviv-Jaffa,Israel,Active,1
162,LAUREN_HUDSON,1740 Le Mans Loop,297,Le Mans,France,Active,2
163,CATHY_SPENCER,1287 Xiangfan Boulevard,253,Kakamigahara,Japan,Active,1
164,JOANN_GARDNER,842 Salzburg Lane,529,Tarsus,Turkey,Active,2
165,LORRAINE_STEPHENS,154 Tallahassee Loop,199,Hami,China,Active,2
166,LYNN_PAYNE,710 San Felipe del Progreso Avenue,304,Lilongwe,Malawi,Active,1
167,SALLY_PIERCE,1540 Wroclaw Drive,107,Chandrapur,India,Active,2
168,REGINA_BERRY,475 Atinsk Way,240,Jinchang,China,Active,1
169,ERICA_MATTHEWS,1294 Firozabad Drive,407,Pingxiang,China,not active,2
170,BEATRICE_ARNOLD,1877 Ezhou Lane,550,Udaipur,India,Active,1
171,DOLORES_WAGNER,316 Uruapan Street,223,Ipoh,Malaysia,Active,2
172,BERNICE_WILLIS,29 Pyongyang Loop,58,Batman,Turkey,Active,1
173,AUDREY_RAY,1010 Klerksdorp Way,186,Graz,Austria,Active,1
174,YVONNE_WATKINS,1848 Salala Boulevard,373,Ocumare del Tuy,Venezuela,Active,2
175,ANNETTE_OLSON,431 Xiangtan Avenue,18,Allappuzha (Alleppey),India,Active,1
176,JUNE_CARROLL,757 Rustenburg Avenue,483,Skikda,Algeria,Active,1
177,SAMANTHA_DUNCAN,146 Johannesburg Way,330,Matamoros,Mexico,Active,2
178,MARION_SNYDER,1891 Rizhao Boulevard,456,Santa Brbara dOeste,Brazil,Active,2
179,DANA_HART,1089 Iwatsuki Avenue,270,Kirovo-Tepetsk,Russian Federation,Active,1
180,STACY_CUNNINGHAM,1410 Benin City Parkway,405,Pereira,Colombia,Active,2
181,ANA_BRADLEY,682 Garden Grove Place,333,Memphis,United States,Active,2
182,RENEE_LANE,533 al-Ayn Boulevard,126,Compton,United States,Active,1
183,IDA_ANDREWS,1839 Szkesfehrvr Parkway,317,Luzinia,Brazil,Active,2
184,VIVIAN_RUIZ,741 Ambattur Manor,438,s-Hertogenbosch,Netherlands,Active,1
185,ROBERTA_HARPER,927 Barcelona Street,467,Shahr-e Kord,Iran,Active,1
186,HOLLY_FOX,435 0 Way,195,Haldia,India,Active,2
187,BRITTANY_RILEY,140 Chiayi Parkway,506,Sumy,Ukraine,Active,2
188,MELANIE_ARMSTRONG,1166 Changhwa Street,62,Bayugan,Philippines,Active,1
189,LORETTA_CARPENTER,891 Novi Sad Manor,383,Oshawa,Canada,Active,1
190,YOLANDA_WEAVER,605 Rio Claro Parkway,513,Tabora,Tanzania,Active,2
191,JEANETTE_GREENE,1077 San Felipe de Puerto Plata Place,369,Novoterkassk,Russian Federation,Active,1
192,LAURIE_LAWRENCE,9 San Miguel de Tucumn Manor,169,Firozabad,India,Active,1
193,KATIE_ELLIOTT,447 Surakarta Loop,271,Kisumu,Kenya,Active,2
194,KRISTEN_CHAVEZ,345 Oshawa Boulevard,204,Hino,Japan,Active,2
195,VANESSA_SIMS,1792 Valle de la Pascua Place,477,Siegen,Germany,Active,1
196,ALMA_AUSTIN,1074 Binzhou Manor,325,Mannheim,Germany,Active,1
197,SUE_PETERS,817 Bradford Loop,109,Changzhou,China,Active,2
198,ELSIE_KELLEY,955 Bamenda Way,218,Ikerre,Nigeria,Active,2
199,BETH_FRANKLIN,1149 A Corua (La Corua) Boulevard,194,Haiphong,Vietnam,Active,2
200,JEANNE_LAWSON,387 Mwene-Ditu Drive,35,Ashgabat,Turkmenistan,Active,2
201,VICKI_FIELDS,68 Molodetno Manor,575,Witten,Germany,Active,1
202,CARLA_GUTIERREZ,642 Nador Drive,77,Bhusawal,India,Active,2
203,TARA_RYAN,1688 Nador Lane,184,Gorontalo,Indonesia,Active,1
204,ROSEMARY_SCHMIDT,1215 Pyongyang Parkway,557,Usak,Turkey,Active,1
205,EILEEN_CARR,1679 Antofagasta Street,122,Ciudad del Este,Paraguay,Active,2
206,TERRI_VASQUEZ,1304 s-Hertogenbosch Way,83,Blumenau,Brazil,Active,1
207,GERTRUDE_CASTILLO,850 Salala Loop,371,Nuuk,Greenland,Active,1
208,LUCY_WHEELER,624 Oshawa Boulevard,51,Balurghat,India,Active,1
209,TONYA_CHAPMAN,43 Dadu Avenue,74,Bhilwara,India,Active,2
210,ELLA_OLIVER,751 Lima Loop,7,Aden,Yemen,Active,2
211,STACEY_MONTGOMERY,1333 Haldia Street,174,Fuyu,China,Active,1
212,WILMA_RICHARDS,660 Jedda Boulevard,65,Bellevue,United States,Active,2
213,GINA_WILLIAMSON,1001 Miyakonojo Lane,518,Taizz,Yemen,Active,1
214,KRISTIN_JOHNSTON,226 Brest Manor,508,Sunnyvale,United States,Active,1
215,JESSIE_BANKS,1229 Valencia Parkway,498,Stara Zagora,Bulgaria,Active,2
216,NATALIE_MEYER,1201 Qomsheh Manor,28,Aparecida de Goinia,Brazil,Active,1
217,AGNES_BISHOP,866 Shivapuri Manor,448,Sambhal,India,Active,2
218,VERA_MCCOY,1168 Najafabad Parkway,251,Kabul,Afghanistan,Active,1
219,WILLIE_HOWELL,1244 Allappuzha (Alleppey) Place,567,Vicente Lpez,Argentina,Active,2
220,CHARLENE_ALVAREZ,1842 Luzinia Boulevard,593,Zanzibar,Tanzania,Active,2
221,BESSIE_MORRISON,1926 Gingoog Street,511,Syrakusa,Italy,Active,1
222,DELORES_HANSEN,810 Palghat (Palakkad) Boulevard,235,Jaroslavl,Russian Federation,Active,2
223,MELINDA_FERNANDEZ,1820 Maring Parkway,324,Mandi Bahauddin,Pakistan,Active,1
224,PEARL_GARZA,60 Poos de Caldas Street,243,Jodhpur,India,Active,2
225,ARLENE_HARVEY,1014 Loja Manor,22,Ambattur,India,Active,1
226,MAUREEN_LITTLE,201 Effon-Alaiye Way,37,Asuncin,Paraguay,Active,2
227,COLLEEN_BURTON,430 Alessandria Loop,439,Saarbrcken,Germany,Active,1
228,ALLISON_STANLEY,754 Valencia Place,406,Phnom Penh,Cambodia,Active,2
229,TAMARA_NGUYEN,356 Olomouc Manor,26,Anpolis,Brazil,Active,1
230,JOY_GEORGE,1256 Bislig Boulevard,86,Botosani,Romania,Active,2
231,GEORGIA_JACOBS,954 Kimchon Place,559,Uttarpara-Kotrung,India,Active,1
232,CONSTANCE_REID,885 Yingkou Manor,596,Zaria,Nigeria,Active,2
233,LILLIE_KIM,1736 Cavite Place,216,Idfu,Egypt,Active,2
234,CLAUDIA_FULLER,346 Skikda Parkway,233,Jalib al-Shuyukh,Kuwait,Active,1
235,JACKIE_LYNCH,98 Stara Zagora Boulevard,96,Buenaventura,Colombia,Active,1
236,MARCIA_DEAN,1479 Rustenburg Boulevard,527,Tanza,Philippines,Active,1
237,TANYA_GILBERT,647 A Corua (La Corua) Street,357,Naju,South Korea,Active,1
238,NELLIE_GARRETT,1964 Gijn Manor,473,Shimoga,India,Active,1
239,MINNIE_ROMERO,47 Syktyvkar Lane,118,Ciomas,Indonesia,Active,2
240,MARLENE_WELCH,1148 Saarbrcken Parkway,226,Iwaki,Japan,Active,1
241,HEIDI_LARSON,1103 Bilbays Parkway,578,Xiangfan,China,not active,2
242,GLENDA_FRAZIER,1246 Boksburg Parkway,422,Qinhuangdao,China,Active,1
243,LYDIA_BURKE,1483 Pathankot Street,454,San Miguel de Tucumn,Argentina,Active,1
244,VIOLA_HANSON,582 Papeete Loop,294,Lapu-Lapu,Philippines,Active,2
245,COURTNEY_DAY,300 Junan Street,553,Uijongbu,South Korea,Active,1
246,MARIAN_MENDOZA,829 Grand Prairie Way,328,Maring,Brazil,Active,1
247,STELLA_MORENO,1473 Changhwa Parkway,124,Coacalco de Berriozbal,Mexico,Active,1
248,CAROLINE_BOWMAN,1309 Weifang Street,520,Tallahassee,United States,Active,1
249,DORA_MEDINA,1760 Oshawa Manor,535,Tianjin,China,Active,2
250,JO_FOWLER,786 Stara Zagora Way,390,Oyo,Nigeria,Active,2
251,VICKIE_BREWER,1966 Tonghae Street,198,Halle/Saale,Germany,Active,2
252,MATTIE_HOFFMAN,1497 Yuzhou Drive,312,London,United Kingdom,Active,2
253,TERRY_CARLSON,752 Ondo Loop,338,Miyakonojo,Japan,Active,1
254,MAXINE_SILVA,1338 Zalantun Lane,413,Poos de Caldas,Brazil,Active,2
255,IRMA_PEARSON,127 Iwakuni Boulevard,192,Hagonoy,Philippines,Active,2
256,MABEL_HOLLAND,51 Laredo Avenue,342,Monywa,Myanmar,Active,2
257,MARSHA_DOUGLAS,771 Yaound Manor,64,Beira,Mozambique,Active,2
258,MYRTLE_FLEMING,532 Toulon Street,460,Santiago de los Caballeros,Dominican Republic,Active,1
259,LENA_JENSEN,1027 Banjul Place,197,Halisahar,India,Active,2
260,CHRISTY_VARGAS,1158 Mandi Bahauddin Parkway,136,Datong,China,Active,1
261,DEANNA_BYRD,862 Xintai Lane,548,Tuguegarao,Philippines,Active,1
262,PATSY_DAVIDSON,816 Cayenne Parkway,414,Portoviejo,Ecuador,Active,2
263,HILDA_HOPKINS,1831 Nam Dinh Loop,323,Mandaluyong,Philippines,Active,1
264,GWENDOLYN_MAY,446 Kirovo-Tepetsk Lane,203,Higashiosaka,Japan,Active,1
265,JENNIE_TERRY,682 Halisahar Place,378,Olomouc,Czech Republic,Active,2
266,NORA_HERRERA,1587 Loja Manor,447,Salzburg,Austria,Active,2
267,MARGIE_WADE,1762 Paarl Parkway,298,Lengshuijiang,China,Active,1
268,NINA_SOTO,1519 Ilorin Place,395,Palghat (Palakkad),India,Active,1
269,CASSANDRA_WALTERS,920 Kumbakonam Loop,446,Salinas,United States,Active,1
270,LEAH_CURTIS,906 Goinia Way,255,Kalisz,Poland,Active,1
271,PENNY_NEAL,1675 Xiangfan Manor,283,Kumbakonam,India,not active,1
272,KAY_CALDWELL,85 San Felipe de Puerto Plata Drive,584,Yantai,China,Active,1
273,PRISCILLA_LOWE,144 South Hill Loop,445,Salamanca,Mexico,Active,2
274,NAOMI_JENNINGS,1884 Shikarpur Avenue,263,Karnal,India,Active,1
275,CAROLE_BARNETT,1980 Kamjanets-Podilskyi Street,404,Peoria,United States,Active,2
276,BRANDY_GRAVES,1944 Bamenda Way,573,Warren,United States,Active,1
277,OLGA_JIMENEZ,556 Baybay Manor,374,Ogbomosho,Nigeria,Active,2
278,BILLIE_HORTON,457 Tongliao Loop,222,Inegl,Turkey,Active,2
279,DIANNE_SHELTON,600 Bradford Street,514,Tabriz,Iran,Active,2
280,TRACEY_BARRETT,1006 Santa Brbara dOeste Manor,389,Owo,Nigeria,Active,2
281,LEONA_OBRIEN,1308 Sumy Loop,175,Fuzhou,China,Active,2
282,JENNY_CASTRO,1405 Chisinau Place,411,Ponce,Puerto Rico,Active,2
283,FELICIA_SUTTON,226 Halifax Street,277,Korla,China,Active,1
284,SONIA_GREGORY,1279 Udine Parkway,69,Benin City,Nigeria,Active,1
285,MIRIAM_MCKINNEY,1336 Benin City Drive,386,Otsu,Japan,Active,1
286,VELMA_LUCAS,1155 Liaocheng Place,152,Effon-Alaiye,Nigeria,Active,1
287,BECKY_MILES,1993 Tabuk Lane,522,Tambaram,India,Active,2
288,BOBBIE_CRAIG,86 Higashiosaka Lane,563,Valle de Santiago,Mexico,Active,1
289,VIOLET_RODRIQUEZ,1912 Allende Manor,279,Kowloon and New Kowloon,Hong Kong,Active,1
290,KRISTINA_CHAMBERS,544 Tarsus Boulevard,562,Valle de la Pascua,Venezuela,Active,1
291,TONI_HOLT,1936 Cuman Avenue,433,Roanoke,United States,Active,1
292,MISTY_LAMBERT,1192 Tongliao Street,470,Sharja,United Arab Emirates,Active,2
293,MAE_FLETCHER,44 Najafabad Way,146,Donostia-San Sebastin,Spain,Active,2
294,SHELLY_WATTS,32 Pudukkottai Lane,140,Dayton,United States,Active,2
295,DAISY_BATES,661 Chisinau Lane,274,Kolpino,Russian Federation,Active,1
296,RAMONA_HALE,951 Stara Zagora Manor,400,Patiala,India,Active,2
297,SHERRI_RHODES,922 Vila Velha Loop,9,Ahmadnagar,India,Active,1
298,ERIKA_PENA,898 Jining Lane,387,Oulu,Finland,Active,1
299,JAMES_GANNON,1635 Kuwana Boulevard,205,Hiroshima,Japan,Active,2
300,JOHN_FARNSWORTH,41 El Alto Parkway,398,Parbhani,India,Active,1
301,ROBERT_BAUGHMAN,1883 Maikop Lane,254,Kaliningrad,Russian Federation,Active,2
302,MICHAEL_SILVERMAN,1908 Gaziantep Place,536,Tiefa,China,Active,1
303,WILLIAM_SATTERFIELD,687 Alessandria Parkway,455,Sanaa,Yemen,Active,2
304,DAVID_ROYAL,827 Yuncheng Drive,99,Callao,Peru,Active,2
305,RICHARD_MCCRARY,913 Coacalco de Berriozbal Loop,33,Arlington,United States,Active,1
306,CHARLES_KOWALSKI,715 So Bernardo do Campo Lane,507,Sungai Petani,Malaysia,Active,1
307,JOSEPH_JOY,1354 Siegen Street,25,Angra dos Reis,Brazil,Active,2
308,THOMAS_GRIGSBY,1191 Sungai Petani Boulevard,262,Kansas City,United States,Active,1
309,CHRISTOPHER_GRECO,1224 Huejutla de Reyes Boulevard,91,Brescia,Italy,Active,1
310,DANIEL_CABRAL,543 Bergamo Avenue,215,Ibirit,Brazil,Active,2
311,PAUL_TROUT,746 Joliet Lane,286,Kursk,Russian Federation,Active,2
312,MARK_RINEHART,780 Kimberley Way,515,Tabuk,Saudi Arabia,Active,2
313,DONALD_MAHON,1774 Yaound Place,166,Ezhou,China,Active,2
314,GEORGE_LINTON,1957 Yantai Lane,490,Sorocaba,Brazil,Active,1
315,KENNETH_GOODEN,1542 Lubumbashi Boulevard,57,Bat Yam,Israel,not active,2
316,STEVEN_CURLEY,651 Pathankot Loop,336,Miraj,India,Active,1
317,EDWARD_BAUGH,1359 Zhoushan Parkway,545,Trshavn,Faroe Islands,Active,2
318,BRIAN_WYMAN,1769 Iwaki Lane,97,Bydgoszcz,Poland,Active,1
319,RONALD_WEINER,1145 Vilnius Manor,451,San Felipe del Progreso,Mexico,Active,2
320,ANTHONY_SCHWAB,1892 Nabereznyje Telny Lane,516,Tafuna,American Samoa,Active,2
321,KEVIN_SCHULER,470 Boksburg Street,81,Birgunj,Nepal,Active,1
322,JASON_MORRISSEY,1427 A Corua (La Corua) Place,45,Baha Blanca,Argentina,Active,1
323,MATTHEW_MAHAN,479 San Felipe del Progreso Avenue,130,Cuautla,Mexico,Active,2
324,GARY_COY,867 Benin City Avenue,591,Yuzhou,China,Active,2
325,TIMOTHY_BUNN,981 Kumbakonam Place,89,Braslia,Brazil,Active,1
326,JOSE_ANDREW,1016 Iwakuni Street,269,Kingstown,Saint Vincent and the Grenadines,Active,1
327,LARRY_THRASHER,663 Baha Blanca Parkway,5,Adana,Turkey,Active,2
328,JEFFREY_SPEAR,1860 Taguig Loop,119,Ciparay,Indonesia,Active,2
329,FRANK_WAGGONER,1816 Bydgoszcz Loop,234,Jamalpur,Bangladesh,Active,2
330,SCOTT_SHELLEY,587 Benguela Manor,42,Aurora,United States,Active,1
331,ERIC_ROBERT,430 Kumbakonam Drive,457,Santa F,Argentina,Active,1
332,STEPHEN_QUALLS,1838 Tabriz Lane,143,Dhaka,Bangladesh,Active,1
333,ANDREW_PURDY,431 Szkesfehrvr Avenue,48,Baku,Azerbaijan,Active,2
334,RAYMOND_MCWHORTER,503 Sogamoso Loop,505,Sumqayit,Azerbaijan,Active,2
335,GREGORY_MAULDIN,507 Smolensk Loop,492,Sousse,Tunisia,Active,1
336,JOSHUA_MARK,1920 Weifang Avenue,427,Rampur,India,Active,1
337,JERRY_JORDON,124 al-Manama Way,382,Onomichi,Japan,Active,1
338,DENNIS_GILMAN,1443 Mardan Street,392,Paarl,South Africa,Active,1
339,WALTER_PERRYMAN,1909 Benguela Lane,581,Xinxiang,China,Active,2
340,PATRICK_NEWSOM,68 Ponce Parkway,201,Hanoi,Vietnam,Active,1
341,PETER_MENARD,1217 Konotop Avenue,151,Ede,Netherlands,Active,1
342,HAROLD_MARTINO,1293 Nam Dinh Way,84,Boa Vista,Brazil,Active,1
343,DOUGLAS_GRAF,785 Vaduz Street,335,Mexicali,Mexico,Active,1
344,HENRY_BILLINGSLEY,1516 Escobar Drive,370,Nukualofa,Tonga,Active,1
345,CARL_ARTIS,1628 Nagareyama Lane,453,San Lorenzo,Paraguay,Active,1
346,ARTHUR_SIMPKINS,1157 Nyeri Loop,320,Maikop,Russian Federation,Active,1
347,RYAN_SALISBURY,1673 Tangail Drive,137,Daugavpils,Latvia,Active,2
348,ROGER_QUINTANILLA,381 Kabul Way,209,Hsichuh,Taiwan,Active,2
349,JOE_GILLILAND,953 Hodeida Street,221,Imus,Philippines,Active,2
350,JUAN_FRALEY,469 Nakhon Sawan Street,531,Teboksary,Russian Federation,Active,1
351,JACK_FOUST,1378 Beira Loop,597,Zeleznogorsk,Russian Federation,Active,1
352,ALBERT_CROUSE,1641 Changhwa Place,52,Bamenda,Cameroon,Active,1
353,JONATHAN_SCARBOROUGH,1698 Southport Loop,393,Pachuca de Soto,Mexico,Active,1
354,JUSTIN_NGO,519 Nyeri Manor,461,Santo Andr,Brazil,Active,2
355,TERRY_GRISSOM,619 Hunuco Avenue,331,Matsue,Japan,Active,2
356,GERALD_FULTZ,45 Aparecida de Goinia Place,464,Satna,India,Active,2
357,KEITH_RICO,482 Kowloon and New Kowloon Manor,90,Bratislava,Slovakia,Active,1
358,SAMUEL_MARLOW,604 Bern Place,429,Ranchi,India,Active,2
359,WILLIE_MARKHAM,1623 Kingstown Drive,20,Almirante Brown,Argentina,Active,2
360,RALPH_MADRIGAL,1009 Zanzibar Lane,32,Arecibo,Puerto Rico,Active,2
361,LAWRENCE_LAWTON,114 Jalib al-Shuyukh Manor,585,Yaound,Cameroon,Active,2
362,NICHOLAS_BARFIELD,1163 London Parkway,66,Belm,Brazil,Active,1
363,ROY_WHITING,1658 Jastrzebie-Zdrj Loop,372,Nyeri,Kenya,Active,2
364,BENJAMIN_VARNEY,817 Laredo Avenue,188,Guadalajara,Mexico,Active,1
365,BRUCE_SCHWARZ,1565 Tangail Manor,377,Okinawa,Japan,Active,2
366,BRANDON_HUEY,1912 Emeishan Drive,50,Balikesir,Turkey,Active,1
367,ADAM_GOOCH,230 Urawa Drive,8,Adoni,India,Active,1
368,HARRY_ARCE,1922 Miraj Way,356,Najafabad,Iran,not active,1
369,FRED_WHEAT,433 Florencia Street,250,Jurez,Mexico,Active,2
370,WAYNE_TRUONG,1049 Matamoros Parkway,191,Gulbarga,India,Active,2
371,BILLY_POULIN,1061 Ede Avenue,98,Cabuyao,Philippines,Active,1
372,STEVE_MACKENZIE,154 Oshawa Manor,415,Probolinggo,Indonesia,Active,2
373,LOUIS_LEONE,1191 Tandil Drive,523,Tanauan,Philippines,Active,1
374,JEREMY_HURTADO,1133 Rizhao Avenue,572,Vitria de Santo Anto,Brazil,Active,2
375,AARON_SELBY,1519 Santiago de los Caballeros Loop,348,Mwene-Ditu,"Congo, The Democratic Republic of the",Active,2
376,RANDY_GAITHER,1618 Olomouc Manor,285,Kurgan,Russian Federation,Active,1
377,HOWARD_FORTNER,220 Hidalgo Drive,265,Kermanshah,Iran,Active,1
378,EUGENE_CULPEPPER,686 Donostia-San Sebastin Lane,471,Shenzhen,China,Active,1
379,CARLOS_COUGHLIN,97 Mogiljov Lane,73,Bhavnagar,India,Active,1
380,RUSSELL_BRINSON,1642 Charlotte Amalie Drive,549,Tychy,Poland,Active,1
381,BOBBY_BOUDREAU,1368 Maracabo Boulevard,493,South Hill,Anguilla,Active,2
382,VICTOR_BARKLEY,401 Sucre Boulevard,322,Manchester,United States,Active,2
383,MARTIN_BALES,368 Hunuco Boulevard,360,Namibe,Angola,Active,1
384,ERNEST_STEPP,500 Lincoln Parkway,210,Huaian,China,Active,2
385,PHILLIP_HOLM,102 Chapra Drive,521,Tama,Japan,Active,1
386,TODD_TAN,1793 Meixian Place,258,Kamjanets-Podilskyi,Ukraine,Active,1
387,JESSE_SCHILLING,514 Ife Way,315,Lubumbashi,"Congo, The Democratic Republic of the",Active,2
388,CRAIG_MORRELL,717 Changzhou Lane,104,Cavite,Philippines,Active,2
389,ALAN_KAHN,753 Ilorin Avenue,157,Emeishan,China,Active,1
390,SHAWN_HEATON,1337 Mit Ghamr Avenue,358,Nakhon Sawan,Thailand,Active,1
391,CLARENCE_GAMEZ,767 Pyongyang Drive,229,Izumisano,Japan,Active,1
392,SEAN_DOUGLASS,614 Pak Kret Street,6,Addis Abeba,Ethiopia,Active,2
393,PHILIP_CAUSEY,954 Lapu-Lapu Way,278,Korolev,Russian Federation,Active,1
394,CHRIS_BROTHERS,331 Bydgoszcz Parkway,181,Gijn,Spain,Active,2
395,JOHNNY_TURPIN,1152 Citrus Heights Manor,15,al-Qadarif,Sudan,Active,2
396,EARL_SHANKS,168 Cianjur Manor,228,Iwatsuki,Japan,Active,1
397,JIMMY_SCHRADER,616 Hagonoy Avenue,39,Atinsk,Russian Federation,Active,1
398,ANTONIO_MEEK,1190 0 Place,44,Bag,Brazil,Active,1
399,DANNY_ISOM,734 Bchar Place,375,Okara,Pakistan,Active,1
400,BRYAN_HARDISON,530 Lausanne Lane,135,Dallas,United States,Active,2
401,TONY_CARRANZA,454 Patiala Lane,276,Koriyama,Japan,Active,2
402,LUIS_YANEZ,1346 Mysore Drive,92,Brest,France,Active,1
403,MIKE_WAY,990 Etawah Loop,564,Valparai,India,Active,1
404,STANLEY_SCROGGINS,1266 Laredo Parkway,380,Omiya,Japan,Active,2
405,LEONARD_SCHOFIELD,88 Nagaon Manor,524,Tandil,Argentina,Active,1
406,NATHAN_RUNYON,264 Bhimavaram Manor,111,Charlotte Amalie,"Virgin Islands, U.S.",not active,1
407,DALE_RATCLIFF,1639 Saarbrcken Drive,437,Rustenburg,South Africa,Active,1
408,MANUEL_MURRELL,692 Amroha Drive,230,Jaffna,Sri Lanka,Active,1
409,RODNEY_MOELLER,1936 Lapu-Lapu Parkway,141,Deba Habe,Nigeria,Active,2
410,CURTIS_IRBY,432 Garden Grove Street,430,Richmond Hill,Canada,Active,2
411,NORMAN_CURRIER,1445 Carmen Parkway,117,Cianjur,Indonesia,Active,1
412,ALLEN_BUTTERFIELD,791 Salinas Street,208,Hoshiarpur,India,Active,2
413,MARVIN_YEE,126 Acua Parkway,71,Berhampore (Baharampur),India,Active,2
414,VINCENT_RALSTON,397 Sunnyvale Avenue,19,Allende,Mexico,Active,1
415,GLENN_PULLEN,992 Klerksdorp Loop,23,Amersfoort,Netherlands,Active,1
416,JEFFERY_PINSON,966 Arecibo Loop,134,Dadu,Pakistan,Active,2
417,TRAVIS_ESTEP,289 Santo Andr Manor,16,al-Qatif,Saudi Arabia,Active,1
418,JEFF_EAST,437 Chungho Drive,450,San Felipe de Puerto Plata,Dominican Republic,Active,2
419,CHAD_CARBONE,1948 Bayugan Parkway,264,Katihar,India,Active,1
420,JACOB_LANCE,1866 al-Qatif Avenue,155,El Monte,United States,Active,1
421,LEE_HAWKS,1661 Abha Drive,416,Pudukkottai,India,Active,1
422,MELVIN_ELLINGTON,1557 Cape Coral Parkway,293,Laohekou,China,Active,1
423,ALFRED_CASILLAS,1727 Matamoros Place,465,Sawhaj,Egypt,Active,2
424,KYLE_SPURLOCK,1269 Botosani Manor,468,Shanwei,China,Active,2
425,FRANCIS_SIKES,355 Vitria de Santo Anto Way,452,San Juan Bautista Tuxtepec,Mexico,Active,2
426,BRADLEY_MOTLEY,1596 Acua Parkway,418,Purnea (Purnia),India,Active,1
427,JESUS_MCCARTNEY,259 Ipoh Drive,189,Guaruj,Brazil,Active,2
428,HERBERT_KRUGER,1823 Hoshiarpur Lane,510,Syktyvkar,Russian Federation,Active,2
429,FREDERICK_ISBELL,1404 Taguig Drive,547,Tsuyama,Japan,Active,2
430,RAY_HOULE,740 Udaipur Lane,150,Dzerzinsk,Russian Federation,Active,1
431,JOEL_FRANCISCO,287 Cuautla Boulevard,501,Sucre,Bolivia,Active,2
432,EDWIN_BURK,1766 Almirante Brown Street,364,Newcastle,South Africa,Active,1
433,DON_BONE,596 Huixquilucan Place,351,Naala-Porto,Mozambique,Active,1
434,EDDIE_TOMLIN,1351 Aparecida de Goinia Parkway,391,Ozamis,Philippines,Active,1
435,RICKY_SHELBY,722 Bradford Lane,249,Junan,China,Active,2
436,TROY_QUIGLEY,983 Santa F Way,565,Vancouver,Canada,Active,1
437,RANDALL_NEUMANN,1245 Ibirit Way,290,La Romana,Dominican Republic,Active,2
438,BARRY_LOVELACE,1836 Korla Parkway,272,Kitwe,Zambia,Active,1
439,ALEXANDER_FENNELL,231 Kaliningrad Place,70,Bergamo,Italy,Active,2
440,BERNARD_COLBY,495 Bhimavaram Lane,144,Dhule (Dhulia),India,Active,1
441,MARIO_CHEATHAM,1924 Shimonoseki Drive,59,Batna,Algeria,Active,1
442,LEROY_BUSTAMANTE,105 Dzerzinsk Manor,540,Tongliao,China,Active,1
443,FRANCISCO_SKIDMORE,614 Denizli Parkway,486,So Leopoldo,Brazil,Active,2
444,MARCUS_HIDALGO,1289 Belm Boulevard,530,Tartu,Estonia,Active,2
445,MICHEAL_FORMAN,203 Tambaram Street,161,Escobar,Argentina,Active,1
446,THEODORE_CULP,1704 Tambaram Manor,554,Uluberia,India,not active,2
447,CLIFFORD_BOWENS,207 Cuernavaca Loop,352,Nabereznyje Telny,Russian Federation,Active,1
448,MIGUEL_BETANCOURT,319 Springs Loop,160,Erlangen,Germany,Active,1
449,OSCAR_AQUINO,956 Nam Dinh Manor,481,Sirjan,Iran,Active,2
450,JAY_ROBB,1947 Paarl Way,509,Surakarta,Indonesia,Active,1
451,JIM_REA,814 Simferopol Loop,154,El Fuerte,Mexico,Active,1
452,TOM_MILNER,535 Ahmadnagar Manor,3,Abu Dhabi,United Arab Emirates,Active,1
453,CALVIN_MARTEL,138 Caracas Boulevard,326,Maracabo,Venezuela,Active,1
454,ALEX_GRESHAM,251 Florencia Drive,556,Uruapan,Mexico,Active,2
455,JON_WILES,659 Gatineau Boulevard,153,El Alto,Bolivia,Active,2
456,RONNIE_RICKETTS,1889 Valparai Way,600,Ziguinchor,Senegal,Active,2
457,BILL_GAVIN,1485 Bratislava Place,435,Rockford,United States,Active,2
458,LLOYD_DOWD,935 Aden Boulevard,532,Tegal,Indonesia,Active,1
459,TOMMY_COLLAZO,76 Kermanshah Manor,423,Qomsheh,Iran,Active,1
460,LEON_BOSTIC,734 Tanshui Avenue,170,Florencia,Colombia,Active,1
461,DEREK_BLAKELY,118 Jaffna Loop,182,Gingoog,Philippines,Active,1
462,WARREN_SHERROD,1621 Tongliao Avenue,558,Usolje-Sibirskoje,Russian Federation,Active,2
463,DARRELL_POWER,1844 Usak Avenue,196,Halifax,Canada,Active,2
464,JEROME_KENYON,1872 Toulon Loop,428,Rancagua,Chile,Active,1
465,FLOYD_GANDY,1088 Ibirit Place,595,Zapopan,Mexico,Active,1
466,LEO_EBERT,1322 Mosul Parkway,145,Dongying,China,Active,1
467,ALVIN_DELOACH,1447 Chatsworth Place,129,Cuauhtmoc,Mexico,Active,2
468,TIM_CARY,1257 Guadalajara Street,78,Bijapur,India,Active,1
469,WESLEY_BULL,1469 Plock Lane,388,Ourense (Orense),Spain,Active,2
470,GORDON_ALLARD,434 Ourense (Orense) Manor,206,Hodeida,Yemen,Active,1
471,DEAN_SAUER,270 Tambaram Parkway,244,Johannesburg,South Africa,Active,1
472,GREG_ROBINS,1786 Salinas Place,359,Nam Dinh,Vietnam,Active,1
473,JORGE_OLIVARES,1078 Stara Zagora Drive,301,Lhokseumawe,Indonesia,Active,2
474,DUSTIN_GILLETTE,1854 Okara Boulevard,158,Emmen,Netherlands,Active,2
475,PEDRO_CHESTNUT,421 Yaound Street,385,ostka,Ukraine,Active,2
476,DERRICK_BOURQUE,1153 Allende Way,179,Gatineau,Canada,Active,1
477,DAN_PAINE,808 Naala-Porto Parkway,500,Stockport,United Kingdom,Active,1
478,LEWIS_LYMAN,632 Usolje-Sibirskoje Parkway,36,Ashqelon,Israel,Active,1
479,ZACHARY_HITE,98 Pyongyang Boulevard,11,Akron,United States,Active,1
480,COREY_HAUSER,984 Novoterkassk Loop,180,Gaziantep,Turkey,Active,1
481,HERMAN_DEVORE,64 Korla Street,347,Mwanza,Tanzania,Active,1
482,MAURICE_CRAWLEY,1785 So Bernardo do Campo Street,125,Coatzacoalcos,Mexico,not active,1
483,VERNON_CHAPA,698 Jelets Boulevard,142,Denizli,Turkey,Active,2
484,ROBERTO_VU,1297 Alvorada Parkway,587,Yinchuan,China,Active,1
485,CLYDE_TOBIAS,1909 Dayton Avenue,469,Shaoguan,China,Active,1
486,GLEN_TALBERT,1789 Saint-Denis Parkway,4,Acua,Mexico,Active,1
487,HECTOR_POINDEXTER,185 Mannheim Lane,408,Pjatigorsk,Russian Federation,Active,2
488,SHANE_MILLARD,184 Mandaluyong Street,288,La Paz,Mexico,Active,2
489,RICARDO_MEADOR,591 Sungai Petani Drive,376,Okayama,Japan,Active,1
490,SAM_MCDUFFIE,656 Matamoros Drive,487,Sogamoso,Colombia,Active,1
491,RICK_MATTOX,775 ostka Drive,337,Mit Ghamr,Egypt,Active,2
492,LESTER_KRAUS,1013 Tabuk Boulevard,261,Kanchrapara,India,Active,2
493,BRENT_HARKINS,319 Plock Parkway,504,Sultanbeyli,Turkey,Active,1
494,RAMON_CHOATE,1954 Kowloon and New Kowloon Way,434,Robamba,Ecuador,Active,2
495,CHARLIE_BESS,362 Rajkot Lane,47,Baiyin,China,Active,2
496,TYLER_WREN,1060 Tandil Lane,432,Rizhao,China,Active,2
497,GILBERT_SLEDGE,1515 Korla Way,589,York,United Kingdom,Active,2
498,GENE_SANBORN,1416 San Juan Bautista Tuxtepec Avenue,444,Salala,Oman,Active,1
499,MARC_OUTLAW,1 Valle de Santiago Avenue,93,Brindisi,Italy,Active,2
500,REGINALD_KINDER,519 Brescia Parkway,318,Madiun,Indonesia,Active,1
501,RUBEN_GEARY,414 Mandaluyong Street,314,Lublin,Poland,Active,1
502,BRETT_CORNWELL,1197 Sokoto Boulevard,478,Siliguri (Shiliguri),India,Active,1
503,ANGEL_BARCLAY,496 Celaya Drive,552,Ueda,Japan,Active,1
504,NATHANIEL_ADAM,786 Matsue Way,245,Joliet,United States,Active,1
505,RAFAEL_ABNEY,48 Maracabo Place,519,Talavera,Philippines,Active,1
506,LESLIE_SEWARD,1152 al-Qatif Lane,412,Pontianak,Indonesia,Active,2
507,EDGAR_RHOADS,1269 Ipoh Avenue,163,Eskisehir,Turkey,Active,2
508,MILTON_HOWLAND,758 Korolev Parkway,568,Vijayawada,India,Active,2
509,RAUL_FORTIER,1747 Rustenburg Place,110,Chapra,India,Active,1
510,BEN_EASTER,886 Tonghae Place,259,Kamyin,Russian Federation,not active,2
511,CHESTER_BENNER,1574 Goinia Boulevard,502,Suihua,China,Active,1
512,CECIL_VINES,1497 Yuzhou Drive,312,London,United Kingdom,Active,1
513,DUANE_TUBBS,962 Tama Loop,583,Yangor,Nauru,Active,2
514,FRANKLIN_TROUTMAN,1778 Gijn Manor,594,Zaoyang,China,Active,2
515,ANDRE_RAPP,568 Dhule (Dhulia) Loop,127,Coquimbo,Chile,Active,1
516,ELMER_NOE,1768 Udine Loop,60,Battambang,Cambodia,Active,2
517,BRAD_MCCURDY,608 Birgunj Parkway,116,Chungho,Taiwan,Active,2
518,GABRIEL_HARDER,680 A Corua (La Corua) Manor,482,Sivas,Turkey,Active,1
519,RON_DELUCA,1949 Sanya Street,224,Isesaki,Japan,Active,2
520,MITCHELL_WESTMORELAND,617 Klerksdorp Place,366,Nha Trang,Vietnam,Active,2
521,ROLAND_SOUTH,1993 0 Loop,588,Yingkou,China,Active,2
522,ARNOLD_HAVENS,1176 Southend-on-Sea Manor,458,Santa Rosa,Philippines,Active,2
523,HARVEY_GUAJARDO,600 Purnea (Purnia) Avenue,571,Vinh,Vietnam,Active,1
524,JARED_ELY,1003 Qinhuangdao Street,419,Purwakarta,Indonesia,Active,1
525,ADRIAN_CLARY,1986 Sivas Place,551,Udine,Italy,Active,2
526,KARL_SEAL,1427 Tabuk Place,101,Cape Coral,United States,Active,2
527,CORY_MEEHAN,556 Asuncin Way,339,Mogiljov,Belarus,Active,1
528,CLAUDE_HERZOG,486 Ondo Parkway,67,Benguela,Angola,Active,1
529,ERIK_GUILLEN,635 Brest Manor,75,Bhimavaram,India,Active,2
530,DARRYL_ASHCRAFT,166 Jinchang Street,165,Ezeiza,Argentina,Active,2
531,JAMIE_WAUGH,958 Sagamihara Lane,287,Kuwana,Japan,Active,2
532,NEIL_RENNER,1817 Livorno Way,100,Cam Ranh,Vietnam,Active,2
533,JESSIE_MILAM,1332 Gaziantep Lane,80,Binzhou,China,Active,1
534,CHRISTIAN_JUNG,949 Allende Lane,24,Amroha,India,not active,1
535,JAVIER_ELROD,195 Ilorin Street,363,NDjamna,Chad,Active,1
536,FERNANDO_CHURCHILL,193 Bhusawal Place,539,Tonghae,South Korea,Active,2
537,CLINTON_BUFORD,587 Benguela Manor,42,Aurora,United States,Active,2
538,TED_BREAUX,183 Haiphong Street,46,Baicheng,China,Active,2
539,MATHEW_BOLIN,163 Augusta-Richmond County Loop,561,Valencia,Venezuela,Active,1
540,TYRONE_ASHER,191 Jos Azueta Parkway,436,Ruse,Bulgaria,Active,1
541,DARREN_WINDHAM,379 Lublin Parkway,309,Livorno,Italy,Active,2
542,LONNIE_TIRADO,1658 Cuman Loop,396,Pangkal Pinang,Indonesia,Active,2
543,LANCE_PEMBERTON,454 Qinhuangdao Drive,68,Beni-Mellal,Morocco,Active,1
544,CODY_NOLEN,1715 Okayama Street,485,So Bernardo do Campo,Brazil,Active,2
545,JULIO_NOLAND,182 Nukualofa Drive,275,Konotop,Ukraine,Active,2
546,KELLY_KNOTT,390 Wroclaw Way,462,Sanya,China,Active,1
547,KURT_EMMONS,1421 Quilmes Lane,260,Kanazawa,Japan,Active,1
548,ALLAN_CORNISH,947 Trshavn Place,528,Tarlac,Philippines,Active,1
549,NELSON_CHRISTENSON,1764 Jalib al-Shuyukh Parkway,459,Santiago de Compostela,Spain,Active,1
550,GUY_BROWNLEE,346 Cam Ranh Avenue,599,Zhoushan,China,Active,2
551,CLAYTON_BARBEE,1407 Pachuca de Soto Place,21,Alvorada,Brazil,Active,2
552,HUGH_WALDROP,904 Clarksville Drive,193,Haining,China,Active,2
553,MAX_PITT,1917 Kumbakonam Parkway,368,Novi Sad,Yugoslavia,Active,1
554,DWAYNE_OLVERA,1447 Imus Place,426,Rajkot,India,Active,1
555,DWIGHT_LOMBARDI,1497 Fengshan Drive,112,Chatsworth,South Africa,Active,1
556,ARMANDO_GRUBER,869 Shikarpur Way,496,Southport,United Kingdom,Active,2
557,FELIX_GAFFNEY,1059 Yuncheng Avenue,570,Vilnius,Lithuania,Active,1
558,JIMMIE_EGGLESTON,505 Madiun Boulevard,577,Wroclaw,Poland,not active,1
559,EVERETT_BANDA,1741 Hoshiarpur Boulevard,79,Bilbays,Egypt,Active,2
560,JORDAN_ARCHULETA,1229 Varanasi (Benares) Manor,43,Avellaneda,Argentina,Active,1
561,IAN_STILL,1894 Boa Vista Way,178,Garland,United States,Active,2
562,WALLACE_SLONE,1342 Sharja Way,488,Sokoto,Nigeria,Active,1
563,KEN_PREWITT,1342 Abha Boulevard,95,Bucuresti,Romania,Active,2
564,BOB_PFEIFFER,415 Pune Avenue,580,Xintai,China,Active,2
565,JAIME_NETTLES,1746 Faaa Way,214,Hunuco,Peru,Active,2
566,CASEY_MENA,539 Hami Way,538,Tokat,Turkey,Active,1
567,ALFREDO_MCADAMS,1407 Surakarta Manor,466,Serpuhov,Russian Federation,Active,2
568,ALBERTO_HENNING,502 Mandi Bahauddin Parkway,55,Barcelona,Venezuela,Active,2
569,DAVE_GARDINER,1052 Pathankot Avenue,299,Leshan,China,Active,2
570,IVAN_CROMWELL,1351 Sousse Lane,341,Monclova,Mexico,Active,2
571,JOHNNIE_CHISHOLM,1501 Pangkal Pinang Avenue,409,Plock,Poland,Active,2
572,SIDNEY_BURLESON,1405 Hagonoy Avenue,133,Czestochowa,Poland,Active,1
573,BYRON_BOX,521 San Juan Bautista Tuxtepec Place,598,Zhezqazghan,Kazakstan,Active,1
574,JULIAN_VEST,923 Tangail Boulevard,10,Akishima,Japan,Active,2
575,ISAAC_OGLESBY,186 Skikda Lane,131,Cuernavaca,Mexico,Active,2
576,MORRIS_MCCARTER,1568 Celaya Parkway,168,Fengshan,Taiwan,Active,2
577,CLIFTON_MALCOLM,1489 Kakamigahara Lane,526,Tanshui,Taiwan,Active,2
578,WILLARD_LUMPKIN,1819 Alessandria Loop,103,Carmen,Mexico,Active,2
579,DARYL_LARUE,1208 Tama Loop,344,Mosul,Iraq,Active,2
580,ROSS_GREY,951 Springs Lane,219,Iligan,Philippines,Active,1
581,VIRGIL_WOFFORD,760 Miyakonojo Drive,246,Jos Azueta,Mexico,Active,1
582,ANDY_VANHORN,966 Asuncin Way,212,Huejutla de Reyes,Mexico,Active,2
583,MARSHALL_THORN,1584 Ljubertsy Lane,494,Southampton,United Kingdom,Active,1
584,SALVADOR_TEEL,247 Jining Parkway,54,Banjul,Gambia,Active,2
585,PERRY_SWAFFORD,773 Dallas Manor,424,Quilmes,Argentina,Active,1
586,KIRK_STCLAIR,1923 Stara Zagora Lane,546,Tsaotun,Taiwan,Active,1
587,SERGIO_STANFIELD,1402 Zanzibar Boulevard,106,Celaya,Mexico,Active,1
588,MARION_OCAMPO,1464 Kursk Parkway,574,Weifang,China,Active,1
589,TRACY_HERRMANN,1074 Sanaa Parkway,311,Loja,Ecuador,Active,1
590,SETH_HANNON,1759 Niznekamsk Avenue,14,al-Manama,Bahrain,Active,2
591,KENT_ARSENAULT,32 Liaocheng Way,248,Juiz de Fora,Brazil,Active,1
592,TERRANCE_ROUSH,42 Fontana Avenue,512,Szkesfehrvr,Hungary,not active,1
593,RENE_MCALISTER,1895 Zhezqazghan Drive,177,Garden Grove,United States,Active,2
594,EDUARDO_HIATT,1837 Kaduna Parkway,241,Jining,China,Active,1
595,TERRENCE_GUNDERSON,844 Bucuresti Place,242,Jinzhou,China,Active,1
596,ENRIQUE_FORSYTHE,1101 Bucuresti Boulevard,401,Patras,Greece,Active,1
597,FREDDIE_DUGGAN,1103 Quilmes Boulevard,503,Sullana,Peru,Active,1
598,WADE_DELVALLE,1331 Usak Boulevard,296,Lausanne,Switzerland,Active,1
599,AUSTIN_CINTRON,1325 Fukuyama Street,537,Tieli,China,Active,2
